contact_type_category,van_precinct_name,num_contacts
Calls,Pct 212,87289
Calls,Pct 211,74169
Calls,Pct 230,71474
Calls,Pct 229,69100
Calls,Pct 011,66240
Calls,Pct 145,63796
Calls,Pct 222,62087
Calls,Pct 022,57921
Texts,Pct 212,57497
Calls,Pct 210,56912
Calls,Pct 135,55165
Calls,Pct 243,54519
Calls,Pct 148,51981
Calls,Pct 203,48482
Texts,Pct 211,48136
Texts,Pct 229,47411
Calls,Pct 089,46879
Calls,Pct 201,46700
Calls,Pct 223,46050
Calls,Pct 241,45211
Texts,Pct 230,40902
Texts,Pct 243,38902
Calls,Pct 081,38822
Texts,Pct 135,38583
Texts,Pct 145,38438
Calls,Pct 213,37164
Calls,Pct 202,36302
Calls,Pct 013,36260
Calls,Pct 134,36176
Calls,Pct 149,36137
Texts,Pct 203,35967
Texts,Pct 148,34744
Texts,Pct 011,34621
Calls,Pct 204,34102
Texts,Pct 222,33666
Calls,Pct 053,33377
Texts,Pct 201,33206
Calls,Pct 228,33106
Calls,Pct 146,31583
Calls,Pct 227,31507
Calls,Pct 009,30670
Calls,Pct 105,30631
Calls,Pct 015,30248
Calls,Pct 151,29667
Calls,Pct 122,29547
Texts,Pct 210,29483
Calls,Pct 016,29301
Texts,Pct 022,29162
Texts,Pct 223,28498
Calls,Pct 237,28497
Calls,Pct 147,28288
Calls,Pct 206,28258
Doors,Pct 011,28227
Doors,Pct 230,28136
Calls,Pct 126,28117
Calls,Pct 030,28036
Texts,Pct 241,27695
Calls,Pct 014,27680
Calls,Pct 107,27430
Calls,Pct 138,27249
Calls,Pct 082,27246
Calls,Pct 140,26929
Texts,Pct 149,26570
Calls,Pct 102,26185
Calls,Pct 080,26052
Texts,Pct 089,25858
Calls,Pct 137,25852
Doors,Pct 212,25687
Calls,Pct 026,25653
Calls,Pct 052,25571
Calls,Pct 012,25532
Doors,Pct 022,25406
Calls,Pct 239,25311
Calls,Pct 231,25212
Calls,Pct 024,25081
Calls,Pct 142,25067
Calls,Pct 040,25021
Calls,Pct 054,24643
Texts,Pct 213,24508
Calls,Pct 224,24424
Calls,Pct 205,24384
Texts,Pct 204,24198
Calls,Pct 078,24129
Calls,Pct 209,23830
Calls,Pct 207,23814
Calls,Pct 150,23668
Texts,Pct 202,23571
Calls,Pct 214,23276
Calls,Pct 143,23265
Texts,Pct 151,22820
Calls,Pct 098,22757
Calls,Pct 216,21669
Texts,Pct 081,21409
Calls,Pct 240,21196
Texts,Pct 237,21183
Texts,Pct 013,20823
Texts,Pct 146,20709
Texts,Pct 122,20404
Calls,Pct 039,20381
Calls,Pct 238,20318
Calls,Pct 133,20285
Doors,Pct 089,20282
Texts,Pct 053,20250
Calls,Pct 027,20069
Texts,Pct 134,19945
Calls,Pct 141,19788
Texts,Pct 105,19776
Calls,Pct 025,19720
Calls,Pct 023,19701
Calls,Pct 042,19609
Calls,Pct 077,19601
Texts,Pct 082,19256
Calls,Pct 127,19086
Calls,Pct 041,18955
Texts,Pct 228,18880
Texts,Pct 227,18805
Calls,Pct 002,18707
Calls,Pct 232,18689
Calls,Pct 128,18670
Calls,Pct 091,18534
Texts,Pct 102,18503
Calls,Pct 132,18502
Texts,Pct 126,18475
Calls,Pct 043,18357
Calls,Pct 104,18314
Texts,Pct 206,18266
Doors,Pct 222,18054
Calls,Pct 120,17960
Calls,Pct 051,17845
Calls,Pct 017,17721
Calls,Pct 049,17720
Calls,Pct 083,17715
Texts,Pct 014,17687
Calls,Pct 031,17422
Texts,Pct 107,17382
Calls,Pct 236,17286
Texts,Pct 147,17220
Texts,Pct 231,17142
Calls,Pct 109,16884
Calls,Pct 215,16879
Texts,Pct 030,16858
Texts,Pct 140,16837
Texts,Pct 026,16710
Calls,Pct 200,16665
Calls,Pct 233,16647
Texts,Pct 080,16567
Texts,Pct 142,16517
Calls,Pct 226,16514
Calls,Pct 006,16456
Calls,Pct 124,16453
Calls,Pct 046,16413
Texts,Pct 138,16405
Calls,Pct 117,16390
Calls,Pct 235,16263
Texts,Pct 137,16149
Calls,Pct 069,16139
Texts,Pct 054,16138
Texts,Pct 239,16136
Texts,Pct 205,16026
Calls,Pct 144,15929
Calls,Pct 234,15924
Calls,Pct 029,15857
Texts,Pct 009,15719
Calls,Pct 033,15715
Texts,Pct 052,15467
Calls,Pct 010,15429
Calls,Pct 021,15384
Calls,Pct 055,15377
Texts,Pct 016,15345
Calls,Pct 060,15273
Texts,Pct 039,15261
Calls,Pct 028,15252
Calls,Pct 056,15220
Calls,Pct 034,15076
Texts,Pct 077,14973
Calls,Pct 099,14923
Texts,Pct 141,14881
Texts,Pct 143,14806
Calls,Pct 208,14798
Calls,Pct 038,14744
Calls,Pct 079,14740
Calls,Pct 139,14702
Texts,Pct 207,14681
Doors,Pct 213,14501
Calls,Pct 108,14373
Texts,Pct 027,14359
Texts,Pct 214,14356
Calls,Pct 084,14324
Calls,Pct 111,14290
Texts,Pct 098,14285
Texts,Pct 043,14211
Calls,Pct 045,14177
Texts,Pct 040,14168
Texts,Pct 150,14151
Calls,Pct 114,14139
Texts,Pct 240,14081
Calls,Pct 003,14067
Texts,Pct 015,14010
Calls,Pct 121,13887
Texts,Pct 024,13828
Texts,Pct 078,13803
Texts,Pct 216,13761
Texts,Pct 104,13716
Doors,Pct 145,13669
Doors,Pct 210,13579
Calls,Pct 020,13563
Texts,Pct 012,13561
Calls,Pct 123,13543
Texts,Pct 042,13470
Calls,Pct 061,13375
Texts,Pct 025,13304
Calls,Pct 221,13202
Calls,Pct 062,13153
Doors,Pct 229,13060
Calls,Pct 007,13038
Calls,Pct 044,13036
Texts,Pct 083,13034
Calls,Pct 113,13026
Calls,Pct 074,12999
Doors,Pct 228,12987
Texts,Pct 209,12935
Texts,Pct 041,12928
Calls,Pct 004,12923
Doors,Pct 211,12884
Texts,Pct 232,12880
Calls,Pct 092,12871
Calls,Pct 047,12864
Calls,Pct 095,12712
Calls,Pct 087,12692
Texts,Pct 031,12636
Texts,Pct 023,12606
Texts,Pct 133,12604
Calls,Pct 005,12598
Calls,Pct 101,12549
Texts,Pct 127,12549
Calls,Pct 217,12522
Texts,Pct 124,12504
Calls,Pct 088,12477
Calls,Pct 130,12455
Calls,Pct 036,12429
Calls,Pct 225,12377
Calls,Pct 118,12270
Doors,Pct 016,12245
Doors,Pct 147,12154
Calls,Pct 057,12116
Texts,Pct 224,12109
Calls,Pct 100,12101
Calls,Pct 063,11969
Doors,Pct 148,11963
Calls,Pct 058,11955
Doors,Pct 052,11876
Calls,Pct 037,11860
Calls,Pct 075,11785
Calls,Pct 035,11772
Calls,Pct 242,11750
Calls,Pct 103,11717
Texts,Pct 238,11655
Calls,Pct 085,11619
Texts,Pct 091,11598
Calls,Pct 076,11595
Texts,Pct 132,11549
Calls,Pct 071,11548
Calls,Pct 116,11492
Doors,Pct 203,11483
Calls,Pct 096,11419
Calls,Pct 068,11407
Doors,Pct 135,11400
Texts,Pct 099,11393
Texts,Pct 108,11333
Calls,Pct 097,11238
Texts,Pct 236,11223
Texts,Pct 046,11190
Texts,Pct 120,11002
Calls,Pct 008,10977
Texts,Pct 002,10968
Texts,Pct 235,10965
Texts,Pct 034,10926
Doors,Pct 013,10915
Calls,Pct 115,10903
Texts,Pct 226,10900
Calls,Pct 136,10887
Texts,Pct 017,10852
Texts,Pct 003,10841
Doors,Pct 040,10817
Doors,Pct 204,10809
Calls,Pct 050,10807
Texts,Pct 084,10797
Calls,Pct 112,10743
Doors,Pct 081,10733
Calls,Pct 094,10569
Texts,Pct 234,10567
Calls,Pct 218,10531
Doors,Pct 012,10518
Calls,Pct 070,10507
Texts,Pct 128,10506
Texts,Pct 215,10379
Texts,Pct 123,10257
Texts,Pct 144,10231
Doors,Pct 138,10188
Texts,Pct 056,10108
Texts,Pct 117,10082
Texts,Pct 062,10079
Calls,Pct 220,10077
Texts,Pct 028,10027
Texts,Pct 006,9978
Texts,Pct 139,9949
Texts,Pct 069,9944
Doors,Pct 053,9875
Doors,Pct 098,9774
Texts,Pct 109,9770
Doors,Pct 030,9735
Texts,Pct 060,9700
Doors,Pct 014,9639
Calls,Pct 219,9594
Texts,Pct 004,9520
Texts,Pct 233,9463
Doors,Pct 223,9426
Doors,Pct 082,9422
Calls,Pct 090,9375
Calls,Pct 129,9372
Calls,Pct 073,9363
Calls,Pct 093,9363
Doors,Pct 024,9318
Texts,Pct 079,9289
Texts,Pct 200,9285
Calls,Pct 048,9242
Calls,Pct 086,9217
Texts,Pct 095,9213
Texts,Pct 061,9154
Calls,Pct 032,9113
Texts,Pct 208,9093
Texts,Pct 074,9078
Texts,Pct 049,9070
Calls,Pct 066,9062
Texts,Pct 121,9036
Texts,Pct 063,8991
Calls,Pct 119,8888
Calls,Pct 125,8871
Texts,Pct 055,8729
Texts,Pct 217,8668
Texts,Pct 033,8606
Doors,Pct 227,8568
Texts,Pct 087,8482
Texts,Pct 225,8397
Calls,Pct 001,8278
Doors,Pct 078,8237
Texts,Pct 113,8225
Texts,Pct 118,8211
Texts,Pct 029,8138
Texts,Pct 221,8108
Calls,Pct 018,8086
Calls,Pct 131,8070
Calls,Pct 106,8030
Texts,Pct 088,8027
Texts,Pct 047,8024
Texts,Pct 100,7974
Doors,Pct 009,7954
Texts,Pct 085,7904
Doors,Pct 146,7783
Calls,Pct 019,7774
Texts,Pct 094,7745
Doors,Pct 102,7739
Calls,Pct 065,7680
Texts,Pct 103,7679
Doors,Pct 237,7651
Texts,Pct 051,7628
Texts,Pct 092,7540
Calls,Pct 072,7539
Texts,Pct 045,7529
Texts,Pct 075,7478
Texts,Pct 005,7454
Texts,Pct 130,7380
Calls,Pct 059,7332
Texts,Pct 010,7314
Texts,Pct 038,7217
Texts,Pct 076,7212
Calls,Pct 064,7184
Doors,Pct 015,7096
Doors,Pct 105,7049
Doors,Pct 054,7045
Texts,Pct 111,7002
Calls,Pct 067,6898
Texts,Pct 021,6887
Doors,Pct 046,6866
Texts,Pct 116,6866
Calls,Pct 110,6738
Doors,Pct 126,6636
Texts,Pct 007,6574
Doors,Pct 243,6539
Doors,Pct 042,6511
Texts,Pct 097,6497
Texts,Pct 114,6481
Doors,Pct 231,6420
Texts,Pct 058,6307
Texts,Pct 218,6290
Texts,Pct 096,6281
Doors,Pct 085,6279
Texts,Pct 115,6269
Doors,Pct 025,6243
Texts,Pct 020,6205
Texts,Pct 219,6175
Texts,Pct 220,6170
Doors,Pct 107,6139
Texts,Pct 068,6128
Doors,Pct 149,6109
Texts,Pct 136,6061
Texts,Pct 036,5966
Doors,Pct 023,5954
Texts,Pct 101,5953
Texts,Pct 057,5899
Texts,Pct 044,5888
Texts,Pct 037,5874
Texts,Pct 035,5787
Doors,Pct 017,5623
Doors,Pct 109,5562
Doors,Pct 034,5558
Texts,Pct 071,5500
Texts,Pct 129,5465
Doors,Pct 151,5455
Texts,Pct 050,5440
Doors,Pct 084,5391
Doors,Pct 216,5311
Texts,Pct 125,5275
Texts,Pct 008,5268
Doors,Pct 031,5198
Doors,Pct 140,5142
Doors,Pct 120,5113
Doors,Pct 039,5100
Doors,Pct 224,5086
Doors,Pct 047,5066
Doors,Pct 202,5023
Texts,Pct 112,5023
Texts,Pct 242,4976
Doors,Pct 069,4929
Doors,Pct 006,4889
Texts,Pct 070,4805
Doors,Pct 206,4804
Doors,Pct 029,4801
Doors,Pct 033,4743
Doors,Pct 043,4693
Doors,Pct 124,4660
Doors,Pct 080,4656
Texts,Pct 066,4554
Texts,Pct 073,4541
Doors,Pct 117,4512
Doors,Pct 002,4474
Doors,Pct 049,4405
Texts,Pct 090,4389
Doors,Pct 207,4386
Texts,Pct 064,4379
Doors,Pct 021,4378
Doors,Pct 083,4377
Texts,Pct 119,4256
Doors,Pct 141,4229
Doors,Pct 137,4210
Doors,Pct 104,4205
Doors,Pct 091,4184
Texts,Pct 048,4176
Texts,Pct 032,4176
Texts,Pct 093,4082
Texts,Pct 001,4040
Doors,Pct 051,4016
Doors,Pct 003,3977
Doors,Pct 027,3950
Texts,Pct 019,3891
Doors,Pct 038,3839
Doors,Pct 241,3812
Texts,Pct 086,3790
Doors,Pct 028,3700
Doors,Pct 132,3654
Doors,Pct 071,3630
Texts,Pct 059,3612
Doors,Pct 037,3583
Doors,Pct 239,3575
Texts,Pct 072,3528
Texts,Pct 018,3520
Doors,Pct 200,3513
Texts,Pct 106,3481
Texts,Pct 065,3478
Texts,Pct 131,3475
Doors,Pct 061,3471
Doors,Pct 130,3464
Doors,Pct 057,3437
Doors,Pct 050,3435
Doors,Pct 063,3357
Doors,Pct 127,3337
Doors,Pct 108,3319
Texts,Pct 067,3305
Doors,Pct 214,3294
Doors,Pct 062,3241
Doors,Pct 201,3239
Doors,Pct 099,3207
Doors,Pct 005,3113
Doors,Pct 123,3111
Texts,Pct 110,3039
Doors,Pct 088,2966
Doors,Pct 045,2961
Doors,Pct 111,2950
Doors,Pct 007,2936
Calls,,2929
Doors,Pct 044,2919
Doors,Pct 073,2900
Doors,Pct 004,2898
Doors,Pct 041,2897
Doors,Pct 026,2874
Doors,Pct 077,2867
Doors,Pct 205,2814
Doors,Pct 128,2758
Doors,Pct 240,2749
Doors,Pct 064,2596
Doors,Pct 010,2545
Doors,Pct 074,2534
Doors,Pct 118,2531
Doors,Pct 095,2512
Doors,Pct 079,2511
Doors,Pct 058,2502
Doors,Pct 056,2452
Doors,Pct 094,2370
Doors,Pct 116,2366
Doors,Pct 234,2356
Doors,Pct 035,2345
Doors,Pct 018,2324
Doors,Pct 048,2309
Doors,Pct 134,2301
Doors,Pct 055,2275
Doors,Pct 008,2176
Doors,Pct 096,2174
Doors,Pct 238,2138
Doors,Pct 068,2121
Doors,Pct 066,2079
Doors,Pct 115,2051
Doors,Pct 020,2033
Doors,Pct 114,2011
Doors,Pct 032,1965
Doors,Pct 072,1962
Doors,Pct 143,1886
Doors,Pct 087,1877
Doors,Pct 235,1833
Doors,Pct 226,1751
Doors,Pct 142,1746
Doors,Pct 060,1735
Doors,Pct 215,1710
Doors,Pct 119,1661
Doors,Pct 232,1660
Doors,Pct 075,1656
Doors,Pct 125,1613
Doors,Pct 150,1560
Doors,Pct 217,1505
Doors,Pct 131,1467
Doors,Pct 218,1465
Doors,Pct 129,1404
Doors,Pct 086,1402
Doors,Pct 097,1383
Doors,Pct 236,1374
Doors,Pct 103,1340
Doors,Pct 059,1325
Doors,Pct 019,1269
Doors,Pct 090,1248
Doors,Pct 219,1209
Doors,Pct 100,1169
Doors,Pct 101,1146
Doors,Pct 113,1112
Doors,Pct 139,1079
Doors,Pct 065,1075
Doors,Pct 122,1050
Doors,Pct 233,1034
Doors,Pct 225,1031
Doors,Pct 209,1017
Doors,Pct 208,998
Doors,Pct 106,952
Doors,Pct 092,942
Doors,Pct 036,913
Doors,Pct 093,826
Doors,Pct 001,798
Doors,Pct 112,769
Doors,Pct 242,761
Doors,Pct 136,672
Doors,Pct 070,665
Doors,Pct 144,653
Doors,Pct 076,600
Doors,Pct 067,562
Doors,Pct 220,469
Doors,Pct 133,436
Other,Pct 204,398
Doors,Pct 221,384
Texts,,377
Doors,Pct 110,361
Doors,Pct 121,275
Doors,,156
Other,Pct 212,96
Calls,Stanley #1,89
Other,Pct 211,77
Other,Pct 011,72
Calls,02-03,70
Calls,02-09,69
Other,Pct 206,68
Calls,Forest Heights,64
Other,Pct 241,62
Other,Pct 210,61
Calls,Catawba Heights,60
Calls,Coddle Creek #3,60
Other,Pct 106,59
Calls,Coddle Creek #4,52
Other,Pct 127,51
Calls,Barringer,48
Other,Pct 142,48
Calls,New Hope,46
Calls,Mount Holly #1,44
Other,Pct 016,43
Other,Pct 227,43
Other,Pct 148,42
Calls,041,42
Other,Pct 100,42
Calls,Ashbrook,38
Other,Pct 002,37
Other,Pct 143,36
Calls,03-00,35
Calls,01-11,35
Other,Pct 145,32
Other,Pct 075,32
Calls,016,32
Other,Pct 140,32
Other,Pct 069,31
Other,Pct 133,31
Other,,31
Other,Pct 086,30
Other,Pct 014,30
Calls,Denver West,30
Other,Pct 128,30
Other,Pct 061,30
Other,Pct 041,29
Other,Pct 051,29
Calls,11-01,29
Other,Pct 029,28
Other,Pct 103,28
Calls,01-04,28
Calls,Ranlo,27
Other,Pct 144,27
Other,Pct 109,27
Calls,Westport,27
Calls,04-11,27
Other,Pct 221,27
Calls,Dallas #1,26
Calls,Albemarle Number 10 - Old,26
Calls,02-08,26
Calls,Albemarle 10.1,26
Calls,02-01,26
Calls,Belmont #1,26
Other,Pct 046,26
Calls,Triangle A,26
Other,Pct 226,25
Other,Pct 031,25
Other,Pct 087,25
Other,Pct 020,25
Calls,12-13,24
Calls,Baton,24
Calls,10-00,24
Calls,South Gastonia,24
Other,Pct 118,24
Other,Pct 019,24
Other,Pct 050,24
Other,Pct 040,24
Other,Pct 202,24
Calls,Davidson #2b,23
Other,Pct 015,23
Calls,Davidson #2-B,23
Other,Pct 030,23
Other,Pct 223,23
Other,Pct 076,22
Other,Pct 085,22
Other,Pct 074,22
Calls,Myrtle,22
Calls,04-09,22
Calls,038a,22
Other,Pct 006,22
Other,Pct 060,21
Other,Pct 110,21
Calls,032,21
Calls,01-10,21
Calls,038b,21
Doors,Unc,21
Other,Pct 034,21
Calls,015,21
Other,Pct 219,20
Calls,037A,20
Other,Pct 229,20
Calls,Gardner Park,20
Other,Pct 054,20
Calls,020b,20
Other,Pct 235,20
Calls,0020b,20
Calls,Coddle Creek #2,20
Calls,Union,20
Calls,Belmont #3,20
Calls,033,19
Other,Pct 047,19
Calls,Cramerton,19
Calls,029c,19
Calls,Davidson #1-B,19
Calls,Sherrills Ford,19
Calls,Davidson #1b,19
Calls,Fallstown,19
Calls,040,18
Calls,Shelby #4,18
Other,Pct 021,18
Other,Pct 203,18
Other,Pct 240,18
Doors,W34,18
Calls,33-2,18
Other,Pct 057,18
Other,Pct 114,18
Other,Pct 208,18
Other,Pct 096,18
Other,Pct 091,18
Other,Pct 072,18
Other,Pct 032,18
Other,Pct 044,18
Calls,01-07,18
Calls,01-08,17
Other,Pct 071,17
Other,Pct 105,17
Calls,G21,17
Calls,North China Grove,17
Other,Pct 007,17
Doors,Boone 2,17
Other,Pct 010,17
Doors,Precinct 01-23,17
Other,Pct 243,17
Calls,China Grove,17
Other,Pct 001,17
Calls,Davidson #3a,17
Other,Pct 018,16
Other,Pct 077,16
Other,Pct 232,16
Calls,Mount Holly #2,16
Other,Pct 058,15
Calls,Coddle Creek #1,15
Other,Pct 150,15
Calls,Robinson #1,15
Calls,Tryon,15
Calls,Hendersonville-2,15
Other,Pct 068,15
Other,Pct 101,15
Calls,South Point,15
Calls,Belville 2,15
Calls,04-08,14
Calls,708,14
Calls,Precinct 11-01,14
Calls,Town Hall,14
Other,Pct 230,14
Calls,04-13,14
Calls,Lowesville West,14
Calls,Robinson #2,14
Calls,Chambersburg-A,14
Other,Pct 048,14
Calls,02-06,13
Calls,Belmont #2,13
Other,Pct 017,13
Other,Pct 201,13
Calls,Statesville #6,13
Other,Pct 216,13
Calls,Grier,13
Other,Pct 102,13
Other,Pct 025,13
Other,Pct 070,13
Other,Pct 055,13
Calls,Longview North,13
Calls,West Williams,12
Calls,42,12
Calls,Precinct 01-23,12
Other,Pct 121,12
Other,Pct 033,12
Calls,38,12
Calls,Gaston Day,12
Calls,Statesville #1,12
Calls,Dallas #2,12
Calls,Shelby South,12
Other,Pct 090,12
Calls,005,12
Other,Pct 231,12
Other,Pct 089,12
Calls,Lowesville,12
Calls,031,12
Other,Pct 073,12
Calls,0005,12
Calls,Hickmans Crossroads,12
Doors,Boone 3,12
Doors,G45,12
Other,Pct 135,11
Calls,023,11
Calls,Precinct 01-07,11
Other,Pct 218,11
Calls,York Chester,11
Calls,Victory,11
Calls,003,11
Other,Pct 214,11
Other,Pct 207,11
Calls,006,10
Calls,Ellis,10
Calls,Statesville #5,10
Calls,029a,10
Doors,Barringer,10
Calls,02-05,10
Other,Pct 056,10
Other,Pct 065,10
Other,Pct 149,10
Calls,028b,10
Calls,Secession 1 - Old,10
Calls,Stanley #2,10
Other,Pct 092,10
Calls,Health Center,10
Other,Pct 009,10
Calls,McAdenville,10
Calls,Statesville #3,10
Calls,Davidson #2a,10
Other,Pct 026,10
Calls,0045,10
Calls,025,10
Calls,Davidson #2-A,10
Other,Pct 111,10
Doors,Catawba Heights,10
Other,Pct 013,10
Calls,Precinct 18-08,10
Calls,Carrboro,10
Other,Pct 134,10
Other,Pct 233,10
Calls,Pee Dee,10
Calls,Secession 1,10
Calls,Wadesboro,10
Calls,028d,9
Calls,Precinct 08-08,9
Other,Pct 151,9
Calls,Precinct 13-10,9
Calls,North Ward,9
Calls,G32,9
Other,Pct 137,9
Calls,Precinct 17-05,9
Other,Pct 042,9
Other,Pct 132,8
Calls,Jefferson,8
Other,Pct 059,8
Other,Pct 130,8
Doors,Town Hall,8
Calls,02,8
Calls,27,8
Calls,Lr63 - Lake Rim,8
Calls,Northside,8
Other,Pct 095,8
Calls,02-07,8
Calls,W15,8
Other,Pct 138,8
Calls,New River III,8
Doors,Coddle Creek #3,8
Calls,123,8
Calls,02-02,8
Calls,Furr Number 1,8
Calls,Lake Norman,8
Calls,51,8
Doors,New River III,8
Other,Pct 080,8
Calls,034,8
Calls,Precinct 16-02,8
Calls,Chambersburg-B,8
Doors,Northside,8
Calls,Dunns Rock,8
Calls,Fairmont,8
Calls,04-03,8
Doors,Precinct 18-01,8
Calls,Precinct 05-03,8
Calls,Precinct 05-07,8
Calls,017b,8
Calls,Owasa,8
Calls,Precinct 18-01,7
Calls,Shelby Central,7
Other,Pct 228,7
Calls,Bethany,7
Calls,Columbus-1,7
Calls,Mountain View #1,7
Calls,G45,7
Calls,M04,7
Calls,021,7
Calls,Bradshaw,7
Calls,Concord,7
Calls,En03,7
Calls,54.2,7
Calls,53-2,7
Calls,12-09,7
Other,Pct 062,7
Calls,H02,7
Calls,Flint Groves,7
Calls,Precinct 01-06,7
Calls,036,7
Other,Pct 049,7
Calls,G69,7
Other,Pct 236,7
Doors,Precinct 01-01,7
Other,Pct 209,7
Calls,Fp08,7
Other,Pct 097,7
Calls,Southport 2,7
Calls,Pinehurst C,7
Calls,Bethlehem #2,7
Calls,Startown,7
Other,Pct 242,7
Calls,Cc15 - Cross Creek 15,7
Calls,Hillsborough East,7
Calls,007,7
Calls,Southport 2 - Old,7
Calls,43,7
Calls,Precinct 07-11,7
Calls,G5b-2 - Cross Creek 28-2-G5,7
Calls,Secession 2,6
Doors,Cullowhee,6
Other,Pct 035,6
Calls,W21,6
Calls,Jef2,6
Calls,28.1,6
Calls,Precinct 19-19,6
Calls,12-04,6
Other,Pct 131,6
Calls,09-00,6
Doors,Davidson #2-B,6
Other,Pct 215,6
Calls,Glenwood,6
Calls,30.3,6
Calls,G48,6
Calls,Peachland,6
Calls,Abbotts Creek 1 #86a,6
Calls,Boone 2,6
Doors,Davidson #2b,6
Other,Pct 052,6
Calls,Precinct 01-34,6
Calls,Precinct 20-10,6
Calls,G2e-2 - Westarea-2-G2,6
Calls,West Kannapolis,6
Calls,018,6
Other,Pct 063,6
Calls,017a,6
Calls,Albemarle Number 8 - Old,6
Calls,Fr1,6
Other,Pct 093,6
Other,Pct 146,6
Calls,Lowell,6
Other,Pct 112,6
Calls,028a,6
Calls,55-49,6
Other,Pct 079,6
Doors,Brushy Fork,6
Other,Pct 122,6
Calls,808,6
Calls,39.3,6
Other,Pct 023,6
Calls,Secession 2 - Old,6
Doors,Davidson #1a,6
Calls,54,6
Calls,Precinct 20-14,6
Calls,020a,6
Calls,207,6
Calls,Precinct 12-11,6
Calls,66.1,6
Other,Pct 024,6
Calls,602,6
Calls,Precinct 17-02,6
Calls,0020a,6
Doors,405,6
Calls,West Ward #2,6
Calls,G5b-1 - Cross Creek 28-1-G5,6
Calls,WAYSIDE,6
Calls,Unc,6
Other,Pct 081,6
Calls,Albemarle 8.1,6
Calls,0019,5
Doors,Davidson #2a,5
Calls,009,5
Calls,44.1,5
Calls,17,5
Other,Pct 004,5
Calls,001,5
Calls,Creston,5
Other,Pct 224,5
Calls,019,5
Calls,W34,5
Calls,Furr Number 2,5
Calls,04-12,5
Doors,Precinct 01-02,5
Calls,Shingletree 2,5
Other,Pct 064,5
Calls,62.1,5
Calls,11-02,5
Other,Pct 217,5
Doors,031,5
Doors,02-09,5
Calls,Highland,5
Calls,Blowing Rock,5
Calls,132,5
Doors,New River I,5
Calls,Shingletree 2 - Old,5
Calls,West Ward #3,5
Calls,905,5
Calls,Cedar Mountain,5
Calls,G50,5
Calls,Precinct 01-36,5
Calls,Fen1,5
Calls,Kings Mountain North,5
Calls,202,5
Calls,0030,5
Calls,12-14,5
Calls,042,5
Calls,12-08,5
Other,Pct 113,5
Calls,Rockingham #3,5
Doors,Davidson #1b,5
Calls,Ndri,5
Other,Pct 213,5
Calls,Big Lick Number 1,5
Calls,Southwest Cleveland,5
Calls,Belville 2 - Old,5
Calls,Grimesdale,5
Calls,Precinct 07-01,5
Calls,Precinct 16-10,5
Calls,014,5
Calls,43.2,5
Calls,030,5
Calls,Wilson J,5
Calls,Shelby #5,5
Calls,Precinct 04-10,5
Calls,W27,5
Calls,Precinct 04-07,5
Calls,Denver,5
Doors,Greenville #7b,5
Doors,Davidson #1-B,5
Calls,W31,5
Calls,G67,5
Calls,Winterville South,5
Doors,Davidson #2-A,5
Calls,Brushy Fork,5
Calls,College Park,5
Calls,West Arcadia #84,5
Calls,Precinct 19-15,5
Calls,121,5
Calls,G36,5
Calls,06-00,5
Calls,Greenmont,4
Doors,Ridgefield,4
Other,Pct 119,4
Doors,Bessemer City #2,4
Calls,08-00,4
Calls,Precinct 19-18,4
Calls,12-12,4
Calls,05,4
Calls,Precinct 20-11,4
Calls,Shingletree 1,4
Calls,Alexis,4
Calls,Wallburg #80a,4
Calls,Sloop Point,4
Calls,Anderson Creek,4
Other,Pct 139,4
Other,Pct 098,4
Calls,Precinct 20-15,4
Doors,55-49,4
Calls,Mosquito 1 - Old,4
Calls,Indian Beach/Salter Path/Pine Knoll,4
Calls,East Chapel,4
Calls,Sf4,4
Calls,Estes Hills,4
Calls,G17,4
Calls,Landis,4
Other,Pct 123,4
Calls,Howards Creek,4
Calls,Reeds/Yadkin College #48,4
Calls,Marks Creek #2,4
Calls,G56,4
Calls,043,4
Calls,Big Lick Number 2,4
Other,Pct 012,4
Doors,015,4
Doors,Davidson #3a,4
Calls,G65,4
Calls,Belville 1,4
Calls,Roanoke Rapids 10,4
Doors,Precinct 01-31,4
Calls,Precinct 01-28,4
Calls,23,4
Calls,Precinct 13-01,4
Calls,Precinct #1,4
Calls,Precinct 01-49,4
Calls,North Burgaw,4
Calls,Mosquito 1,4
Calls,Barbecue,4
Calls,High Shoals,4
Doors,040,4
Calls,010,4
Calls,Belville 1 - Old,4
Calls,04.1,4
Other,Pct 008,4
Calls,Cowans Ford,4
Calls,Precinct 01-13,4
Calls,35-5,4
Calls,G64,4
Calls,Colonial Heights,4
Calls,Williamston 2,4
Doors,016,4
Other,Pct 222,4
Calls,12-05,4
Doors,005,4
Calls,H05,4
Calls,Washington Ward 4,4
Calls,Kings Mountain South,4
Doors,Forest Heights,4
Calls,Precinct 01-15,4
Doors,East Franklin,4
Doors,Stanley #1,4
Calls,029b,4
Doors,0005,4
Calls,Cedar Falls,4
Calls,Oak Island 2,4
Calls,Orange Grove,4
Other,Pct 066,4
Calls,South Knobs,4
Calls,Precinct 01-16,4
Doors,02-03,4
Calls,Prathers Creek,4
Calls,34-2,4
Calls,St Stephens #1,4
Calls,North Buck Shoals,4
Other,Pct 117,4
Calls,01-02,4
Calls,305,4
Calls,Shingletree 1 - Old,4
Calls,Bailey,4
Doors,Triangle A,4
Calls,Lucia,4
Calls,Oak Island 2 - Old,4
Other,Pct 125,4
Other,Pct 067,4
Other,Pct 237,4
Calls,Rc2,4
Doors,Coddle Creek #1,4
Calls,West Landis,4
Calls,Grantham 2b,4
Calls,East Clayton,3
Calls,Grady Brown,3
Calls,Precinct 20-08,3
Other,Pct 053,3
Calls,Burnsville,3
Doors,G68,3
Other,Pct 141,3
Calls,Precinct 04-02,3
Doors,Coddle Creek #2,3
Doors,903,3
Doors,Estes Hills,3
Calls,09.1,3
Calls,North Albemarle 2,3
Calls,Rippy,3
Calls,039,3
Calls,124,3
Calls,32.1,3
Doors,02-05,3
Calls,East Spencer,3
Calls,Meat Camp,3
Calls,Sherwood,3
Doors,Gaston Day,3
Calls,Precinct 09-02,3
Calls,South Albemarle 1,3
Calls,East Albemarle,3
Calls,Precinct 01-32,3
Calls,Conway/Milwaukee/Pendleton,3
Calls,Weldon 3,3
Calls,Elkin,3
Calls,Pleasant Ridge,3
Calls,G06,3
Calls,037B,3
Doors,10-00,3
Calls,Albemarle 7.1,3
Doors,038a,3
Doors,01-10,3
Calls,G33,3
Calls,Fr3,3
Calls,60.4,3
Calls,H04,3
Doors,02-02,3
Doors,Davidson #1-A,3
Calls,Southport 1 - Old,3
Doors,032,3
Calls,07-00,3
Doors,Lowesville,3
Calls,G68,3
Doors,H29B,3
Calls,31,3
Calls,Grissettown - Old,3
Calls,Armstrong,3
Doors,029c,3
Calls,Ncgr1,3
Doors,055,3
Calls,Precinct 19-22,3
Calls,Greenville #3,3
Calls,21,3
Calls,Precinct 06-10,3
Calls,South Albemarle - Old,3
Calls,12-03,3
Calls,Albemarle Number 7 - Old,3
Calls,Precinct 13-09,3
Calls,Precinct 01-27,3
Calls,Precinct 08-03,3
Calls,Boyd,3
Calls,G13,3
Calls,Shawneehaw,3
Calls,Dysartsville,3
Calls,Precinct 20-16,3
Calls,H18,3
Calls,01,3
Calls,Southmont #58,3
Calls,Boone 3,3
Doors,Dallas #1,3
Calls,Mt. Ulla,3
Calls,Precinct 01-31,3
Calls,Chadbourn,3
Doors,Greenville #7,3
Calls,Precinct 16-01,3
Calls,Precinct 12-02,3
Calls,West King,3
Calls,Precinct 13-08,3
Doors,028a,3
Calls,Lumberton #5,3
Calls,Precinct 01-22,3
Doors,Precinct 20-14,3
Calls,West Burlington,3
Other,Pct 082,3
Calls,Greenville #11b,3
Calls,Precinct 19-05,3
Calls,013,3
Calls,13.1,3
Calls,Thompson,3
Calls,Cf06,3
Calls,Grissettown,3
Doors,North Boone,3
Doors,02,3
Calls,Precinct 06-08,3
Calls,Southport 1,3
Calls,Cherry Lane,3
Calls,Precinct 13-05,3
Doors,Denver West,3
Calls,Precinct 01-01,3
Calls,053,3
Calls,Fs16,2
Doors,05-00,2
Calls,055,2
Calls,Morton,2
Calls,Precinct 19-23,2
Calls,H13,2
Doors,12-14,2
Calls,M02,2
Doors,Chambersburg-A,2
Calls,Cool Springs,2
Calls,Midd,2
Calls,Lexington 2 #24,2
Calls,G01,2
Doors,28.1,2
Doors,Precinct 12-09,2
Doors,New Hope,2
Doors,Precinct 19-22,2
Calls,Fr5b,2
Calls,Cg3b,2
Doors,018,2
Calls,Goldston,2
Doors,27,2
Doors,Wadesboro,2
Doors,Cramerton,2
Calls,25,2
Doors,Precinct 03-02,2
Doors,042,2
Calls,04-01,2
Doors,Mon1,2
Calls,Upper Topsail,2
Other,041,2
Calls,Bessemer City #1,2
Calls,Oak Island 3,2
Calls,Wilsons Mills,2
Doors,Belmont #3,2
Calls,Pinehurst B2,2
Calls,South Pembroke,2
Doors,W25,2
Calls,Newland # 2,2
Calls,G42b,2
Doors,Precinct 04-10,2
Calls,509,2
Calls,Ivy Hill,2
Calls,Catawba,2
Doors,014,2
Doors,Precinct 11-01,2
Calls,Precinct 06-04,2
Other,Pct 225,2
Doors,Lake Norman,2
Calls,Efland,2
Calls,Banner Elk,2
Calls,10,2
Other,Pct 136,2
Calls,07,2
Calls,Oak Island 3 - Old,2
Calls,Hillsborough North,2
Doors,Shelby Central,2
Doors,02-08,2
Calls,02.1,2
Calls,45,2
Calls,Denton #12,2
Doors,Fp03,2
Calls,Healing Springs #18,2
Calls,Silver Hill #52,2
Calls,G28,2
Doors,Precinct 01-49,2
Calls,South Melville,2
Other,Pct 084,2
Calls,Oak Grove,2
Calls,Tc7,2
Doors,Cedar Mountain,2
Calls,Precinct 20-03,2
Calls,Precinct 03-02,2
Doors,South Gastonia,2
Other,Pct 126,2
Calls,Precinct 04-18,2
Calls,Precinct 01-41,2
Calls,902,2
Doors,Mount Holly #2,2
Calls,North Creek,2
Calls,Bessemer City #2,2
Calls,Cc27 - Cross Creek 27,2
Doors,Landis,2
Calls,Robbins #32,2
Calls,Precinct 10-05,2
Calls,59.1,2
Other,Pct 107,2
Calls,South Ward,2
Calls,Courthouse,2
Calls,River,2
Doors,035,2
Doors,Westwood,2
Calls,Scotts Creek Combined,2
Doors,Precinct 12-10,2
Doors,037A,2
Calls,Cypress Creek,2
Calls,Wilson A,2
Calls,West Clayton 1,2
Doors,12-11,2
Other,17,2
Calls,33-1,2
Calls,Precinct 13-07,2
Calls,H29a,2
Calls,Precinct 12-10,2
Calls,East Selma,2
Calls,506,2
Calls,H27-A,2
Calls,G47,2
Calls,G72,2
Calls,Wb,2
Doors,North Ward,2
Doors,Viewmont #2,2
Doors,Frying Pan,2
Calls,46.1,2
Calls,Precinct 10-06,2
Calls,South Boone M,2
Calls,Jonathan Creek,2
Calls,Graham 4,2
Other,Pct 022,2
Calls,Back Creek,2
Calls,Uwharrie,2
Calls,Lincolnton/North,2
Other,Pct 003,2
Calls,37.1,2
Calls,G24,2
Doors,West Landis,2
Calls,Hendersonville-3,2
Calls,01.1,2
Calls,Brevard #1,2
Calls,Fulton,2
Calls,Claremont,2
Doors,30.3,2
Calls,Albemarle Number 3,2
Calls,Elizabethtown #1,2
Doors,09-00,2
Calls,New Market,2
Calls,16,2
Calls,Patterson,2
Calls,Woodhill,2
Calls,Damascus,2
Doors,Owasa,2
Calls,05-00,2
Doors,Frying Pan - Old,2
Doors,Coddle Creek #4,2
Calls,East Ward,2
Calls,River Road,2
Other,Pct 036,2
Calls,705,2
Doors,W33,2
Calls,Tyro #78,2
Calls,Westwood,2
Calls,204,2
Calls,Statesville #2,2
Doors,07,2
Other,Pct 147,2
Doors,Shelby #4,2
Calls,Randleman,2
Doors,Westport,2
Calls,Greenville #7,2
Calls,Edwards #1,2
Doors,Mount Holly #1,2
Calls,Or2,2
Doors,South Elizabeth City,2
Calls,Statesville #4,2
Calls,East Kannapolis,2
Calls,Edneyville,2
Calls,Mon1,2
Calls,Scotts Hill,2
Doors,G67,2
Calls,North Southern Pines,2
Doors,041,2
Doors,20.1,2
Other,Pct 039,2
Calls,405,2
Calls,Buffalo Shoals,2
Doors,Statesville #1,2
Calls,Cc26 - Cross Creek 26,2
Doors,Woodhill,2
Calls,Precinct 15-03,2
Doors,17,2
Calls,Gib,2
Calls,Greenville #7b,2
Calls,Davidson #1a,2
Calls,G46,2
Doors,Cedar Falls,2
Calls,New River I,2
Calls,503,2
Calls,Cg1,2
Calls,Williamson Creek,2
Calls,34-1,2
Doors,G48,2
Calls,709,2
Doors,New Bethel,2
Other,Pct 234,2
Calls,"Clinton, Southwest",2
Doors,Lithia,2
Calls,Crowders Mountain,2
Other,Colonial Heights,2
Calls,Green River,2
Calls,Precinct 05-05,2
Calls,H23,2
Calls,Wisharts,2
Calls,028c,2
Calls,Morganton 10,2
Doors,Myrtle,2
Doors,53-1,2
Doors,04-01,2
Calls,Cf02,2
Doors,Cowans Ford,2
Calls,G10,2
Calls,Peak Creek,2
Calls,Pumpkin Center,2
Doors,Stanley #2,2
Doors,Statesville #4,2
Calls,37,2
Doors,702,1
Doors,West Enochville,1
Calls,Jam4,1
Calls,East Averasboro,1
Doors,Barbecue,1
Doors,39.3,1
Doors,W35,1
Calls,Cullowhee,1
Doors,Damascus,1
Doors,East Howellsville,1
Doors,34-1,1
Doors,Shingletree 1,1
Calls,G9a-3 - Hope Mills 3a,1
Doors,Fallstown,1
Calls,707,1
Doors,Antioch,1
Calls,Precinct 01-46,1
Doors,Belmont #2,1
Doors,Precinct 01-44,1
Calls,Precinct 02-02,1
Doors,Precinct 09-03,1
Calls,Thomasville 9 #74,1
Calls,Faison,1
Calls,Hoopers Creek,1
Doors,Pigeon Center,1
Calls,907,1
Doors,Blowing Rock,1
Calls,Jam3,1
Calls,03,1
Other,Pct 239,1
Doors,Victory,1
Calls,Eastside,1
Doors,036,1
Calls,Precinct 07-06,1
Calls,West Aberdeen,1
Calls,Mars Hill,1
Calls,501,1
Doors,Sf4,1
Doors,038b,1
Calls,Tl06,1
Calls,33.3,1
Calls,908,1
Calls,Cc10 - Cross Creek 10,1
Calls,G19,1
Doors,Precinct 11-02,1
Doors,Precinct 01-41,1
Calls,Conover East,1
Calls,Casar,1
Calls,G09,1
Calls,Dogwood Acres,1
Calls,601,1
Calls,Ayden A,1
Calls,G44,1
Calls,Red Springs,1
Calls,Chicod,1
Doors,G9b-1 - Hope Mills 2a-G9,1
Calls,Brunswick Forest,1
Calls,Cc25 - Cross Creek 25,1
Doors,025,1
Calls,19.1,1
Calls,Precinct 12-04,1
Calls,Precinct 01-26,1
Doors,Clyde North,1
Calls,Bald Mountain,1
Doors,905,1
Calls,G9b-2 - Hope Mills 2b-G9,1
Calls,G9a - Hope Mills 3-G9,1
Calls,G39,1
Doors,W21,1
Calls,063,1
Other,033,1
Doors,Precinct 07-04,1
Doors,White Oak,1
Calls,Laurel Creek,1
Calls,G51,1
Calls,H08,1
Calls,W16,1
Calls,Burlington 6,1
Calls,Precinct A2,1
Doors,Precinct 07-10,1
Doors,Dallas #2,1
Other,Waynesville South 2,1
Calls,G40A1,1
Doors,001,1
Calls,06.1,1
Doors,01-04,1
Calls,002,1
Doors,Grissettown - Old,1
Doors,Shingletree 1 - Old,1
Other,Boone 2,1
Calls,Almond - Old,1
Calls,Mb62 - Montibello,1
Doors,503,1
Calls,Ridgefield,1
Calls,Precinct 04-21,1
Calls,Sf2,1
Calls,Palmerville,1
Calls,Trent Woods,1
Doors,04-08,1
Doors,Oak Island 3 - Old,1
Doors,Albemarle Number 10 - Old,1
Doors,Albemarle 10.1,1
Calls,Precinct 05-08,1
Doors,G69,1
Other,Precinct 01-23,1
Doors,Cleveland,1
Doors,14.2,1
Calls,061,1
Doors,Longview North,1
Doors,11-02,1
Doors,Rockingham #3,1
Calls,South Newton,1
Calls,G58,1
Doors,12-12,1
Calls,West End,1
Calls,West Ward #1,1
Calls,47,1
Doors,Southmont #58,1
Calls,Precinct 17-01,1
Calls,22.2,1
Calls,Precinct 19-16,1
Doors,Dunns Rock,1
Calls,Asheboro North,1
Calls,Welches Creek,1
Calls,Halifax,1
Calls,Towncreek - Old,1
Calls,Town Creek,1
Doors,030,1
Calls,Scrk,1
Calls,Fairfield Harbour,1
Other,Precinct 01-15,1
Calls,West Clayton 2,1
Calls,Precinct 18-06,1
Doors,Almond 1,1
Doors,Precinct 01-40,1
Calls,Fp03,1
Calls,North Blue Ridge,1
Doors,404,1
Doors,South Boone M,1
Doors,Sherrills Ford,1
Doors,Arcadia #04,1
Other,Pct 094,1
Calls,Precinct 08-06,1
Calls,Precinct 01-03,1
Calls,Broad River,1
Calls,W35,1
Doors,Boone 5,1
Calls,Precinct E2,1
Calls,Precinct 08-10,1
Calls,Central Harnett Neills Creek,1
Calls,M06,1
Doors,Mount Olive,1
Calls,Precinct 08-05,1
Calls,W33,1
Doors,G08,1
Doors,004,1
Doors,208,1
Calls,09,1
Calls,12-11,1
Calls,Pisgah View,1
Doors,South Knobs,1
Calls,South Graham,1
Doors,04-11,1
Calls,803,1
Calls,Fp04,1
Calls,Northwest Harnett,1
Calls,56.2,1
Calls,Precinct 09-03,1
Doors,32.1,1
Calls,Precinct 08-02,1
Calls,G8a - Cumberland 4-G8,1
Calls,Precinct 03-01,1
Calls,Pineola,1
Other,69.1,1
Calls,Gilead,1
Calls,Precinct 01-39,1
Calls,Colington,1
Calls,Woodville,1
Calls,South Blue Ridge,1
Calls,35-4,1
Calls,18,1
Doors,Precinct 01-16,1
Doors,Viewmont #1,1
Doors,Buffalo Shoals,1
Calls,051,1
Doors,Tryon,1
Doors,Blue Ridge,1
Calls,Greenville #4b,1
Doors,0030,1
Calls,Cherryville #3,1
Calls,G11,1
Calls,St Pauls,1
Doors,Central Harnett Neills Creek,1
Calls,Kinston-2,1
Calls,Arcadia #04,1
Doors,Highland,1
Doors,West Clayton 2,1
Doors,Northwest,1
Calls,Granite Quarry,1
Doors,Howards Creek,1
Calls,North Cleveland 1,1
Doors,02-07,1
Doors,34-2,1
Calls,Precinct 15-02,1
Doors,G15,1
Doors,Union,1
Doors,Carvers Creek,1
Doors,H28,1
Other,Pct 028,1
Doors,04-12,1
Doors,Iron Station,1
Doors,Cherryville #3,1
Doors,North Creek,1
Calls,14.3,1
Doors,Healing Springs #18,1
Other,Ivy Hill,1
Doors,Flowers Plantation,1
Doors,West Aberdeen,1
Doors,Precinct 15-02,1
Calls,606,1
Calls,Morganton 01,1
Doors,Wilkesboro #1,1
Doors,Statesville #3,1
Calls,20.1,1
Calls,071,1
Doors,0020a,1
Calls,Greenville #8a,1
Doors,Greenville #3,1
Doors,05,1
Doors,Oak Island 3,1
Doors,Precinct 01-13,1
Doors,G12,1
Doors,East Flat Rock,1
Other,Pct 088,1
Doors,11-01,1
Other,Pct 083,1
Doors,G44,1
Calls,Precinct 08-04,1
Doors,Marks Creek #2,1
Calls,North Granite Quarry,1
Calls,32,1
Doors,017a,1
Doors,Kings Mill,1
Doors,New Market,1
Calls,Erwin/Duke,1
Other,Pct 200,1
Calls,W25,1
Doors,0045,1
Calls,Precinct 01-40,1
Calls,607,1
Calls,Cotton Grove #10,1
Calls,Hot Springs,1
Doors,Courthouse,1
Calls,Northeast,1
Doors,Cc27 - Cross Creek 27,1
Calls,G41b,1
Calls,Sl78-3 - Spring Lake 3,1
Calls,Watauga,1
Doors,West Burlington,1
Calls,G10c - Stoney Point 1-G10,1
Calls,Rocky Mount 1,1
Doors,020a,1
Doors,Western,1
Doors,G8b - Cumberland 1a-G8,1
Doors,Greenville #12b,1
Calls,Precinct 20-12,1
Doors,12-08,1
Calls,G12,1
Doors,07-00,1
Doors,G47,1
Doors,Conover East,1
Calls,49.1,1
Calls,06,1
Doors,44,1
Calls,Ne22b,1
Calls,035,1
Calls,073,1
Calls,Thomasville 3 #64,1
Doors,Precinct 01-07,1
Doors,Precinct 01-35,1
Doors,01-07,1
Doors,Abbotts Creek 1 #86a,1
Calls,Cheeks,1
Doors,G39,1
Doors,West Kannapolis,1
Calls,Waynesville South 2,1
Doors,G05,1
Doors,Precinct 01-26,1
Calls,404,1
Calls,Precinct 04-09,1
Doors,Colonial Heights,1
Doors,H18,1
Doors,Precinct 01-39,1
Calls,Almond 1,1
Calls,M03,1
Calls,Precinct 11-02,1
Doors,G58,1
Calls,Pg1,1
Doors,M02,1
Calls,Bear Grass,1
Doors,Precinct 01-22,1
Calls,New London,1
Calls,Antioch,1
Calls,East Elizabeth City,1
Doors,Pineola,1
Calls,Morven/McFarlan,1
Doors,16,1
Doors,North Clayton 1,1
Doors,Greenville #11b,1
Calls,022,1
Doors,Simpson A,1
Calls,New River II,1
Calls,North Mills River,1
Calls,04,1
Calls,802,1
Doors,707,1
Calls,Precinct 20-05,1
Doors,38,1
Calls,Lumberton #3,1
Calls,Precinct 01-18,1
Calls,WEST KNOLLWOOD,1
Calls,West Knollwood,1
Doors,Bostic-Sunshine,1
Other,Wittenburg,1
Doors,006,1
Calls,508,1
Calls,Precinct 16-09,1
Calls,Surf City,1
Calls,Reedy Creek #50,1
Doors,Southwest Cleveland,1
Calls,809,1
Doors,South Point,1
Doors,Precinct 17-12,1
Doors,West Ward #3,1
Calls,Bc1,1
Doors,Hatters Shop,1
Doors,Lexington 4 #28,1
Calls,26.1,1
Calls,W17,1
Doors,019,1
Doors,0019,1
Calls,Beaufort 1,1
Calls,801,1
Other,Pct 205,1
Other,Pct 238,1
Doors,51,1
Calls,Precinct 08-11,1
Doors,123,1
Calls,Landers Chapel,1
Doors,H05,1
Calls,Rock Grove,1
Calls,71.1,1
Doors,Statesville #6,1
Doors,South Blue Ridge,1
Doors,029a,1
Doors,Almond - Old,1
Calls,10.1,1
Doors,Boone 1,1
Calls,906,1
Calls,Davidson #1-A,1
Calls,East Edenton,1
Doors,01-08,1
Calls,Fletcher,1
Doors,14.3,1
Calls,Falling Creek,1
Doors,02.1,1
Calls,Jonas Ridge,1
Calls,Welcome #82,1
Calls,G35,1
Calls,West Innes,1
Calls,Precinct 17-12,1
Doors,College Park,1
Other,Victory,1
Doors,53-2,1
Doors,Grissettown,1
Doors,Bethany,1
Other,Pct 027,1
Calls,1920,1
Doors,East Chapel,1
Calls,H10,1
Calls,North Williams,1
Calls,18.2,1
Doors,Robinson #2,1
Calls,Polkton,1
Doors,403,1
Calls,Precinct 04-04,1
Other,Precinct 16-10,1
Calls,Farmville B,1
Calls,Oriental,1
Doors,Greenville #4b,1
Doors,04-09,1
Calls,Precinct 01-51,1
Calls,G23,1
Calls,Kings Mill,1
Calls,South Locke,1
Calls,Franklin,1
Calls,G15,1
Doors,H12,1
Other,G67,1
Doors,034,1
Other,Pct 043,1